,full_text
0,gibran bikin solo eks cak imin mungkin cari panggung politik pas
1,gibran hasil bikin solo eks cak imin mungkin ajar cara tampil layar politik
2,gibran bikin solo jadi pusat perhati cak imin nampaknya sibuk nyari kipas angin dunia politik
3,urang jabar naha ikhlas sebut keun bakal ngadukung gibran ulah poho 2019 dibobodo prabowo
4,gibran gesit cak imin lambat kirakira harus gimana nih
5,ekonomi solo roket terima kasih gibran jakarta jateng maksimal bawah muhaimin
6,gibran bikin solo kini cak imin mungkin sibuk cari tempat duduk nyaman arena politik
7,gibran bikin solo gemilang bikin geming
8,gibran paham cak imin kayak butuh kelas ekonomi
9,gibran bikin solo eks cak imin mungkin sibuk cari stasiun politik naik tangga sukses
10,pingin liat gibran debatin si den wadas wan ngibul
11,gibran efisien cak imin mungkin perlu ajar manajemen waktu
12,temenku bela mati gibran abis muter ulang nih debat pas lagi ngantorceritanya mau bahas apa isi debat cawapresgregetan denger statement gibran jangan serang orang ungkap tidak umum harus cak imin balas yo ndak tau kok tanya
13,gibran memang unggul solo jadi contoh hasil jakarta jateng introspeksi
14,gibran bikin solo eks cak imin seperti sibuk cari jalan keluar buntu politik
15,solo sukses berkat gibran jakarta jateng kayak perlu ubah besar
16,asyik lahan basah nih korup rame rame
17,rawan gibran tembak rawan gibran camat banyuates sampang madura nama m 49 tembak orang tak kenal kamis 2112 pukul 0930 wibkabar benar tim nasihat gibran letjen tni purn sjafrie sjamsoedin
18,istri gibran tau posisikagak nafsu paksa diri ama iatri ganjarsaking nafsu kebablasanberbahaya
19,bapak bisa ngutak ngutik konstitusi
20,ahahahhaa rill banget feo hari full senyum sih
21,menang gibran asa atmosfer surabaya madura dekade08
22,tuhan mana tong
23,bocil songong
24,wkakaka bapak pas bikin loe otak porno aja lu mungkin bences kali dukung iq bawah 70bkata hashim tara dng munyuk
25,airlangga gibran jawara pilpres perlu putar dua dekade08
26,terus terang sini gua sangat rispek ama si giring apa zaman makin modern teknologi makin canggih banyak anak muda genz udah melek apa crypto apa teknologi blockchain gua orang airdropper yakin 02
27,tim kampanye nasional tkn gibran sebut gibran rakabuming raka tak ubah gaya debat meski jadi sorot mau jadi satee kek nya
28,solo sinar gibran pimpin cerdas cak imin mungkin lebih baik fokus halhal sesuai kapasitas
29,gibran atur ekonomi solo cak imin atur jakarta aja kacau
30,senjata licik malu lawan narasi karang sendiriniatnya licik semua orang lihat dengar apa di sampai samsul tidak masukbnyak asbun cm dukung nya sibuk nyucinyebokin kuasa panggung tp isi nolkosong
31,gibran bukti solo lebih maju apa dia bukti lama
32,surabaya madura gemuruh airlangga yakin gibran menang dekade08
33,gibran bikin solo hebat cak imin kayak sibuk nyari jalan keluar jalan tol politik
34,sehat selalu mas gibran ammin
35,gibran bikin solo kini cak imin kayak nyari charger baterai politik
36,gibran hasil buat solo lebih baik jakarta jateng ada kerja rumah
37,allah lu masuk lewat jalur haram gk usah samain seluruh anak muda deh najis anak haram perintah lu mau sejarah rusak grgr lu
38,gerindra jabar target 65 persen suara prabowogibran
39,debat cawapres kapan sih
40,gibran bikin solo eks cak imin kayak sibuk nyari peta politik
41,monggo mampir mbak solo solo pernah nama tipu soal makan
42,njir weyy jgn diingatinmerusak mood inimana brengosan wkwkwkw
43,kan kalau udah kandang jafi sama dng gibranmaka gemuk dalam kandang wkakaka
44,nilai banyak orang bukan nilai buzzer terus moles akan gibran menang debat cukup diketawain dan sambil beol
45,penting ngumpul bokeper rusak moral pikir
46,gibran bikin solo hebat cak imin mungkin sibuk cari strategi politik tepat
47,begal konstitusi apa itu ngarbit jadi cawapres siapa memang org dikarbit jadi cawapres jadi gibran cawapres jokowi bukan partai jgn krn benci hilang waras anda bisa jadi cawapres harus calon partai bukan orang
48,gibran kini punya gelar baru anak muda licik makin liat sifat asli publik merespon sentimen negatif
49,akun gibran apa sih yang tau
50,ga jadi naik pbb solo era gibran
51,dislepet gibran soal ikn debat kemarin udh punya sempat buat menyangggah alhasil baru klarifikasi lewat media dukung 01 aku performa cak imin krg bagus debat kemarin tidak berani debat kampus amp ruang publik
52,gibran bikin solo jadi pusat perhati cak imin nampaknya sibuk nyari wifi dunia politik
53,sukses gibran pilpres jadi prestasi positif harap tkd indramayu dekade08
54,survei tunjuk prof unggul atas cak imin gibran ada posisi paling buncit gibran anggap dukung paling kuasa panggung padahal nilai karena shock debat capres tampil hancur lebur
55,maaf gibran bkn cermin anak muda masa kini
56,prestasi gibran bikin jakarta jateng jadi bahan tertawa ekonomi solo unggul jauh
57,gibran cak imin kayak nyari semangat
58,banding gibran kayak cak imin lebih cocok jadi motivator pimpin
59,gibran punya formula sukses cak imin kayak sibuk baca buku resep pimpin
60,gibran bikin solo hebat jakartajateng hmmm kurang gebrak positif
61,buruh jepara gibran bangga dekade08
62,gausah lempar case jijik diwakilin ama gibran juga partai andai org susah gapernah masuk kampus modal power om dan saya jg bukan jilat pantat org kek partai 5 taun full jadi jongos jokowi doang lebih
63,gibran paham ekonomi cak imin kayak lebih paham bicara
64,wkwkwk akhir ny aku mas gibran top debat kmren pintar mendadakmeskipun embel embel pake itu
65,media asing label gibran rakabuming nepo baby apa teliti bukti
66,nah lhooyg sampai mas gibranboongatau gimana
67,lah umur bawah 40 punya hak dong 2024 terus bisa pakai buat anak siapa turut pasang takut sama gibran kena mental kalah dulu bertandinglawan
68,segala pake narasi gantung kunci dalem amplop
69,gibran bukti cerdas solo gemilang jakarta jateng kacau bawah pimpin muhaimin
70,gibran bikin solo hebat cak imin nampaknya sibuk nyari tunjuk petak politik
71,yg aneh elu gibran kwkwkw buly nasional sori ye sori ye
72,dadak mual gw lht muka pdhal hbs makan pake sate kambing heran
73,loh kalau penganbil bijak ubah arah lbh baik kan bagus lah wong pres jokowi ubah contoh ikn masuk rpjmn mlh jadi prioritas baru kasus calon gibran wkwkwk
74,berulll
75,cek fakta dlu makanya goblokkk yang video siapa yang sungkem siapa jadi buzzer emg bego sih tp bego jangan embat smua kali
76,spt negara milik jokowi
77,kang cebok pantat kuda
78,gibran bikin solo hebat cak imin kayak sibuk nyari hati dunia politik
79,dih nyambung bocah
80,generasi gibran nih
81,maakkkcoba urang mau nanya klo tipu ngumpetnya bal ato lombok gmna y nangkep ayam kt sidik mau tangkep klo udh balik jkt lahh klo balik2 amp ngendoonn bal terusss gmnaa cobaaa ikan urang sedikiittt cerah nasional
82,tetep baswedan presiden indonesia jokowi janji jokowi realisasi semua akhir dgn indah gagal
83,prabowo gibran buruh jepara solid satu suara dekade08
84,wkakaka sekandng iq monyet ajak pilih masuk kandang wakkakak
85,catat gibran bukan wakil anak muda wakil perompak konstitusi usah bawa anak muda deh geli
86,cawapres nomor urut 2 gibran rakabuming aku baru tahu debat dua masingmasing calon bawa contek yang maksud gibran pada sesi tutup closing statement
87,omong ngedabrus pagi tahu sore tempe urus dagang martabak aja bangkrut padahal sdh topang modal milyaran entah mana uang mau buka 19 juta lapang kerja cukup bohong bpknya masa masih mau bohong anak jelas
88,orang dr sekian banyak duduk nkri ragu mampu telah debat kemarin gw tidak percaya tampil anda
89,solo jadi primadona jakarta malah jadi bahan sindir cak imin baca dong tunjuk gibran
90,kerengge minum kencing sendiriitu berpusingpusing
91,gibran solo kece cak imin jakarta malah kacau
92,gibran bukti solo lebih sinar jakarta prestasi luar biasa
93,kirain ayah gibran
94,gibran solo ekonomi lonjak cak imin mana
95,gibran sukses bawa solo puncak jakarta jateng tahu arah bawah muhaimin
96,apresiasi debat cawapres rawan pandawa lima gibran mampu saing
97,solo jaya gibran pimpin cerdas sayang cak imin gagal ukir prestasi mungkin lebih cocok jadi tonton
98,gibran hasil solo jadi pusat perhati cak imin mungkin perlu introspeksi diri kejar tinggal
99,gibran bukti pintar solo sinar lebih jakarta jateng cak imin seperti lebih serius kerja
100,cc anda benar bohong cek data lengkap baru jadi cawapres aja sdh bohong rakyat
101,gibran bikin solo eks cak imin kayak sibuk nyari hibur dunia politik
102,solo syukur punya gibran jakarta jateng perlu baik besar
103,gibran bikin solo lebih maju cak imin di belakang apa
104,haram ucap selamat hari natal
105,prabowo gibran curi perhati airlangga seru satu putar dekade08
106,gibran bikin solo hebat bikin hebat kecewa
107,revolusi mental nawacita modus jokowi lanjut gibran n gemoy doa hamba miskin kabul moga mooooooodar mampussssssss
108,sih tapi semua sarjana hukum sekarang ling lung jadi putus mk lolos gibran samsul
109,saran prof besok klo mau pake gaya gibran gin jgn google takut memang ada bisik dunia tar tim dunia lain googling
110,makasih beh ikut promosiin mas gibran sering2lah baca judul aja penting isi tulis bahasa inggris
111,misteri suara perempuan bisik gibran debat tahu curang via
112,cak imin panutan anak smp tidak pernah ajar pas uji semester cukup modal tawakal gibran ibarat anak pindah smp swasta ambis plus sama mama kasih ajar tambahanguru les datang rumahkumon
113,cerdas maki2 nya
114,keren aliansi buruh jepara nobar gibran dekade08
115,cak imin senggol proyek gibran solo daftar
116,tkn gibran sebut dua logam temu tubuh rawan tembak
117,gibran cocok banget jadi kang siomay
118,kronologi rawan gibran tembak madura
119,gibran hasil cak imin mencaricari alas
120,klo pilih si gibran ntar lanjut anak cucu sampai israel palestina saling berpelukanndasmu elek om
121,yakin tinggi tkd indramayu yakin gibran pimpin visioner dekade08
122,kasihan kaum sapiteng bisa bahasa inggris padahal judul puji debat gibran bilang gibran sukses bersih diri fitnah di ikan kaum sapiteng lama ke gibran
123,suka suka perata jadi masalah serius negeri masuk perata akses politik bagaimana mana mungkin negeri duduk nomor 4 banyak dunia lebih 275 juta calon pimpin masih sangat batas
124,mulai cemasdebat caprescawapres merosot nilainyasetelah gibran tonton
125,seru abis gibran sambut riah aliansi buruh jepara dekade08
126,gibran suksesin solo cak imin kayak butuh gps politik
127,paham analogi gibran jumlah wp nya tambah kebon nya luas binatang gemuk pajak per wp naik prtanyaan anda masuk binatang mana sudah kebon binatang akan jadi binatang jadi binatang akan gemuk
128,kagum iq maksimal 70 wkakakkaka kandang monyet semua
129,ngguyu ae lah kontrovesi mergo iso ngerubah konstitusi mergo anak pak lurah pas debat pakai bisik goib
130,kalo gibran jadi bupati solo lebih keren daripada jakarta mungkin cak imin kursus dulu
131,gibran lebih jago solo jadi contoh sukses jakartajateng sulit saing
132,gibran bikin solo kini cak imin kayak nyari jalan tol sukses
133,gibran bukti solo lebih maju apa dia bukti lama
134,gibran bikin solo jadi pusat perhati cak imin kayak sibuk nyari rumah kawasan politik
135,gibran ekonomi solo lesat ekonomi apa yang ngebut
136,gibran beri warna baru solo jakarta jateng hitam putih era muhaimin
137,gibran bikin solo sinar jakartajateng cuma bikin kecewa
138,gibran sukses sukses bikin bingung
139,gibran hasil solo lebih maju jakarta jateng cak imin seperti lebih serius kerja
140,hilir apa produk industri digital sektor hulu apa yang mau bikin di hilir apa sektor antara asmang
141,solo hebat berkat gibran jakartajateng ada ubah positif era muhaimin
142,gibran bikin solo jadi hebat bikin hati miris
143,siapa ancam selamat kritik gibran dik sebut nama tidak jadi fitnah
144,makanya cak imin minta tips and trik gibran bisa deal2an ama arab bangun itu solo gratis
145,brangibranyok opo pendapate awak e peno sego goreng iwak endog pean arep ta iwak endog opo iwak empang mujair kutuk lele gurame
146,dukung jokowi dulu pilih pdi jokowi tahun pilih gibran jokowi pasti saya tak pilih pdi karena jokowi
147,mending turuu kasi matalu gibran
148,duh md nyata pernah langgar etika jadi ketua mk
149,emang berita gitu
150,sesuai wangsit eyang prabu siliwangi tetap gibran pimpin indonesia
151,egk kok masalam memang sopan santun nya bagustapi mas gibran lebih bagus
152,komandan tim komunikasi tkn gibran budisatrio djiwandono ungkap masyarakat kalimantan sambut gembira ikn
153,baru aja kemaren ngebatin website nya amin baguus banget mulai susun informasi colour brand nya uiux nya terus bandingin punya belah kok ngga nemu punya pak gibran ada tau
154,duh md nyata pernah langgar etika jadi ketua mk
155,sulit temu substansi cerdas argumen gibran asa sangat minim paham analisis
156,yang paling sedikit mudarat gibran eaaaaaa
157,gibran tuduh pakai contek debat cawapres juga tanya kok banyak sekali alat lewat
158,anjing bukan menu
159,dua alas sangat prinsip saya dukung gibran 1 guna tangan paman rubah konstitusi lolos maju jadi cawapres cacat etika 2 cukup alam
160,weekend kalian rek
161,ganjar bukti pimpin sukses gantung popularitas semata
162,andai gibran bukan anak pak lurah
163,sesuai wangsit eyang prabu siliwangi tetap gibran akan pimpin indonesia
164,gibran bikin solo hebat bikin kecewa terus terus
165,buruh yakin gibran menang putar pertama dekade08
166,duh md nyata pernah langgar etika jadi ketua mk
167,hus walat lo om pak sedang sakit doa sama2 biar cepat sembuh debat 2 cawapres langsung bilang aja mas di debat 2 ngalah kasi tu orang tua banting harga diri asal lo tau om sakit tu sini
168,solo sinar jakarta jateng nampaknya perlu kursus sama gibran
169,surabaya madura riah airlangga yakin gibran dekade08
170,prabowo 1 program 450 triliun 21 program 506 triliun lihat sini pasang kalah telak pasang gibran bagaimana tata kelola hambur uang rakyat payah
171,gibran bukti solo lebih kembang apa bukti
172,gibran bikin solo eks cak imin kayak sibuk nyari nomor urut milu politik
173,solo makin maju terima kasih gibran jakarta jateng tunggu terobos era muhaimin
174,gibran bikin solo hebat cak imin mungkin sibuk cari inspirasi politik tempat salah
175,gibran hasil buat solo lebih maju hasil buat kecewa terus terus
176,gibran solo hasil jakarta jateng goyang cak imin seperti perlu evaluasi strategi pimpin
177,gibran bikin solo hebat cak imin kayak ajar ngefly politik
178,gibran bikin solo kini cak imin kayak sibuk nyari kendara politik
179,gibran solo cak imin jakarta mana aja
180,solo bawah gibran lebih kinclong jakarta bawah cak imin apes deh
181,nah kata suhu bila berani bicara debat di kampus2
182,gibran solo hasil cak imin jakarta malah nyungsep
183,gibran cerdas cak imin butuh tambah ilmu
184,wkwk kaum sapiteng sapi banteng satu emg berat lawan gibran kata kaesang kak gibran versi jokowi plus plus lebih tegas berani keras mangat kaum sapiteng jgn lupa nyembah monas besok kangen apa dah beberapa tahun tidak di sembahin
185,airlangga seru gibran pimpin pilpres 2024 depan dekade08
186,asa gibran bohong mulu
187,multiverse belah malah sama gibran min
188,sesuai wangsit eyang prabu siliwangi gibran bakal pimpin indonesia
189,waduh gibran gimana sih
190,justru al jazzera puji gibran bloggoblogdibaca ah
191,baterai mas jadi sebenernya mas gibran manusia tenaga listrik
192,meski gibran beri tanya bahasa tidak erti pak beri jawab baik jelas
193,belimbing sayur masak nya pake karbit
194,gpp nnt pindah thailand kok sana banyak frekuensi sm km sana sistem dinasti kan
195,makanya kalo ngomong sering tanya nyambung jawab
196,kandang monyet bahagia wkwkakak
197,tegas paspampres waktu mau minta maaf karna kesalahanya makek masker makanya buka masker jadi hoax yoh mas ayo lah ojo nemen nemen bodone tta
198,kompak banget buruh jepara puji gibran dekade08
199,jilat terus dul si blimbing sayur biar cair lebih besar samsul
200,dibilangin benar gibran samsul android bukan manusia bu dokteritu alat acak otak jadi buat orang liat otak gesrek gila efek samping tanpa henti maki orang lebih bahaya hati lama2 busuk efek lanjut
201,ijin tamu
202,soal sgie mas gibran paling tahu kata cak imin sgie singkat sego goreng iwak endog wis bah kono penting pak ngowah ngowoh
203,bukan reprentasi anak muda layak prestasi bagai tokoh anak muda ajar tabrak konstitusi menciptaka sejarah buruk negeri yang di tiru generasi berikutx
204,apa iya kalian mau pilih orang dua kali kalah kan jokowiyg kwalitasnya bawah jokowi nama kemunduranharusnya capres gibran bukti gibran lebih baik debatgak cuma joged joged boneka mampang
205,yah kalau udah kandang ama gibran mau apa ntar pawang kagak kasih makan siang gratis ekakakka
206,iya prestasi banding gibran paman pecat ketua mk tidak punya moral harus kalian punya rasa malu kalau ngtwit jangan jadi manusia sangat jahat bangga satu buat sangat rusak ingat etika junjung
207,video2 gibran lewat tl cuma kukewat2i aja kumpul kuat tahan malu liat ngomong aku yang malu
208,coba jelas
209,nggih
210,kronologi rawan gibran tembak madura
211,kronologi rawan gibran tembak madura
212,anak haram konstitusiheran ada puji2
213,prabowo gibran aliansi buruh jepara siap menang dekade08
214,gibran bikin solo gemilang cak imin mungkin sibuk cari kunci sukses politik
215,gibran bikin solo eks cak imin nampaknya nyari tempat duduk panggung politik
216,matur suwun nggih pak moga rakyat waras cerdas meiliki pikir negatif sama panjenengan nggih pak
217,gibran bikin solo hebat cak imin mungkin sibuk cari kunci sukses politik sungguh
218,gibran bikin solo gemilang cak imin mungkin cari kunci ajaib politik
219,gibran bikin solo hebat cak imin mungkin sibuk cari kunci jawab buku politik
220,gibran bikin solo hebat cak imin seperti cari resep ajaib politik
221,gibran hasil cipta hasil solo jakarta jateng jauh kata sukses
222,gaya pimpin bikin jakartajateng malah merosot beda banget sama gibran penuh prestasi
223,gibran bikin solo hebat cak imin nampaknya sibuk cari kunci sukses dalam laci politik
224,gibran bikin solo gemilang cak imin mungkin sibuk cari jalan tuju podium politik
225,gibran bikin solo hebat cak imin mungkin sibuk cari jalan keluar labirin politik
226,gibran pinter banget solo ekonomi lejit di jakartajateng bikin lesu
227,duh md nyata pernah langgar etika jadi ketua mk
228,solo cemerlang gibran jadi andal jakarta jateng hmmm jauh harap
229,es ge i egitu mas bukan nya es gi ay ikliatan saja baca teks baca kepanjangannyasingkatan binggris ucap bindonesia kata lulus singapura dasar tipu publik ajar jangan nyontek terus dengar dri earphone
230,gibran punya prestasi solo tambah maju jakartajateng malah mundur bawah muhaimin
231,gibran bikin solo gemilang cak imin mungkin sibuk cari kunci sukses politik hilang
232,gibran bikin solo gemilang cak imin mungkin sibuk meta daerah bisa pakai politik
233,dukung mas aja bang arti pasti asli dukung jokowi
234,gk kalian rabajangan tanya
235,solo unggul gibran pimpin cerdas cak imin mungkin lebih cocok posisi tidak terlalu tuntut
236,capresmu bohong awas aja yaa lu paling tandain lo olah paling bener klo mas gibran pak beneran menang awas ajalo
237,kau bilang suhu nyata tipu pake perangkat komunikasi
238,tetap gibran menang sesuai wangsit eyang prabu siliwangi
239,duh md nyata pernah langgar etika jadi ketua mk
240,cek fakta apbn solo masa gibran samsul belum
241,hh palsu ngk nih
242,akan lapor sudah keruh suasana plus kena pasal uu ite
243,cocotnya walikota nkri sang jago ngibul
244,patah kata no
245,kemenag cari panggungmudah2an ini ummat makin faham siap rezim jokowi tinggal pasang terus jokowiprabowogibran
246,jangan langsung percaya buzzer samsung gibran benar data wisatawan solo lebih besar
247,gibran gila gw keren banget kemarin
248,cukup lah wakil kan
249,dukung gibran kalo hina beeuhhh jahat allah
250,liat emang bodoh lu kata ama huruf aja gabisa bedain gamasalah kalo lu mau ngeklaim lu lebih pinter gibran kalo bikin dirilu neng mah sah sah aja lu kan emang butuh seng buat hibur miskin lu
251,walikota hasil ngemis bajing sumber solo
252,jadi gibran bohong lah artinyawaduh
253,solo booming jakarta melompong cak imin harus ajar gibran deh
254,kelompok masih sj ribut urus calon gibran tanda mrk tdk yakin dgn jago sendiri
255,solo juara jakarta merana cak imin harus ambil kursus gibran
256,anda jangan cari masalah keruh plus buat ujar benci ini teman staf khusus presiden republik indonesia bidang inovasi didik wakil ketua komisi x dpr republik indonesiawakil ketua dpr republik indonesiabahkan om isi jabat strategis polri
257,gibran bikin solo kini cak imin kayak sibuk nyari charger politik
258,cak imin bukan hapal tau istilah dan jujur gibran selaaku tanya malah tidak hapal apa ditanyain cuma 4 kata sok inggris
259,gibran hasil buat solo lebih maju jakarta jateng jauh tinggal
260,anjoy keluar kata2 andal 01 emang sipaling baek si paling cerdassi paling santunsi paling bersih maaf sering bikin ulah 01 amp 03 dukung gibran mah santuy
261,solo punya gibran hasil seperti cuma punya kecewa terus tambah
262,hidup terus terus lingkup tamak serakah mohon cerah sodara sodara
263,percaya diri banding presentase hasil visi misi ap dia laku d solo 5 th sj blm cukup lihat ubah 3 th skala banding harus apple to apple mas gibran
264,aku gibran
265,nah bruh
266,anak2 muda tdk paham bhw seperti kerjar tayang hafalanspt mangga dikarbityang lalu2klo diinterview gibran sering nyambung kosongmutu masy ya seperti usai nonton debat cawapres rawan alih dukung prabowogibran
267,prabowogibran pikir calon rakyat ada janin
268,sy non gibran trs di masalah gibran apa sih lah semua jg pakai alat bantu mulai dr earphone microphone jg alat tulis
269,buat artikel goblok kayak
270,uang nya alir hilir digital lama jadi usaha maksud
271,siap dukung gibran 2024lihat video sinar alam
272,hallo giring info loker
273,kurang jelas kan provokasi kena tegur 2x siapa ngapain bawa jago d sana kpu larang ko tiga kandidat coba kau bantah dgn berita kalau gibran laku provokasi
274,cuma gelintir orang sj tdk suka pakta juta orang nenyukai gibran
275,kira mas gibran tugas pln tanya sama pln lah aku jarang matlis tuh
276,moga sampe rendah diri jauh saya yakin lain mampu siap singkat amp istilah cukup fitur istimewa sebut lekat jokowi
277,usia masih dini dunia politik perintah moga mass terlalu jauh beri harap gagas dunia mampu
278,gibran produktif cak imin cuman produktif omong
279,ahli nya ahli
280,tkn gibran 2 logam tubuh rawan tembak
281,previlege bapak paman siapa nganggep anak muda nikmat nepotisme baby nepo
282,soal masuk gibran lewat mk anda sudah fair tidak tum soal tidak sreg soal
283,ente ngerti bahasa indonesia suu jkw sbg kader pdip tegur kantor pdip bukan istana beda jkw sbg kader jkw sbg presiden siapa jkw pdip siapa gibran pdip siapa bobby pdip krn tegur lantas berhianat
284,gibran bikin solo gemilang cak imin mungkin sibuk cari jalan hati masyarakat politik
285,gokil gin sih mas admin
286,selamat hari natal
287,buruh jepara gibran dukung kamu dekade08
288,makhluk etika gapunya malu
289,dukung kini buruh jepara ungkap cinta gibran dekade08
290,prabowo gibran aliansi buruh jepara gelar pesta dukung dekade08
291,4 kata doang banyak kata aku sedang bahas otak gibran tidak hapal 4 kata doang
292,solo makin jaya berkat cerdas gibran jakarta jateng nampaknya ajar banyak
293,gibran pamer sukses solo pamer jabat aja
294,saking sibuk gibran kayak cak imin lupa gimana cara maju daerah
295,gibran bukti solo lebih jakarta cak imin kapan bikin prestasi
296,segitu ajah mas gibran jauhjauh solo anak hebat pandai sembunyi ketidaktahuannya percaya diri kuat mungkin rasa anak presiden sekaligus walikota solo
297,solo jadi bintang berkat gibran jakarta jateng gelap era muhaimin
298,aduh cak imin solo aja lebih maju jakarta mending cari tahu deh rahasia sama gibran
299,gibran ngejar prestasi malah kejar kecewa
300,gibran bawa angin segar usaha bawa angin sepoisepoi
301,gibran hasil solo makin maju kerja bikin jakarta jateng puruk
302,well said biasa low standart jadi pas apalan dikit bilang mvp dukung emang gampang girang
303,wkwkwk kenyang makan tai gibran
304,tanya pak cak imin jelas lg maksud logika jg bangun kota2 level jkt dorong spy terupgrade kota2 sdh
305,rawan gibran tembak orang kenal madura laku naik motor tubuh kekar tutup wajah
306,orng bodoh kalo 4 kata akan lihat catat arti gibran lebih bodoh saya
307,solo lebih kembang terima kasih pimpin cerdas gibran
308,prabowo gibran menang satu putar
309,yg buat putus mk intervensi mk jika ada bukan gibran kok gibran salah
310,jelas video kait aljazeera english arti isi berita ringkas mas hasil dominasi panggung debat cawapres 2024 meski hadap paslon alam anda jangan tebar hoax
311,liat banget nilai bahasa inggris minus
312,gpp sih pangku gibran aj bs jadi calon presiden masa gw kaga
313,wkwkwk edit dukung bokeper
314,gibran aku pimpin cerdas solo bukti hasil pimpin luar biasa
315,letak salah kalo gantung kunci masukin amplop
316,insya allah gibran nyapres lg 2029 amp 2034 mohon dukung
317,selamat rasa sakit hati bu sampe 5thn depan yakin gibran
318,gibran bukti lo blg itu gilir bukti sma gibran lu kayak org gila
319,gelagat banget tum dr awal waktu hujat gibran soal pasu raja
320,lihat video agrifanani
321,ojo sedih mas
322,sipaling islam laku provokasi pantes islam label agama teroris muslim nya aja begini
323,kata gibran maren agung dayu udah masup coba undang klarifikasi ajha
324,solo maju pesat hasil kebijakankebijakan progresif terap gibran
325,nepo baby label gibran wakil presiden anggap nepotisme kurang alam indonesian leaders son brushes off nepo baby tag in feted debate showing
326,kelas gus imin enggatau
327,bang liat liat lu jadi wakil presiden
328,semua kubu 02 sandera kasus korupsi jadi kalo mau aman jilat menang gibran buat jadi presiden 2024 jadi 1112 sama buzzer bayar di twitter
329,iyesssss
330,percuma jelas kpd neo kadrun
331,sdh ganti aja elus elus gibran
332,gibran kan ngomongin dukung fakta gibran
333,nancep jlebbbb keras cadass gass gama
334,hasil langgar etik berat
335,peluang menang curang maksud gibran anak jokowi kuasa republik konflik penting nyata ada bukti banyak fasilitas jabat negara guna mengendorse gibran semata so apa tetap biar ini lanjut
336,nyali tegas mas gibran keren
337,bahagia udah kandang ama gibran gemuk wkakakka awas ntar otak porno gemuk bisa ngeweeekk
338,berita ter fresh seram ngeri sedap bisa dibanggaka gaspoollll lanjuttttt
339,silah tonton video saya lurus nyata kalau judul berita aljazeera english arti bahasa indonesia mas gibran hasil menep tuduh atas kurang alam nepotisme nobat diri
340,prabowo cinta rakyat satu buruh jabar gabung rawan gaspoll bro siap menang prabowogibran
341,debat apa cerdas cermat kok pakai menang kalah kalau ukur cak imin pak md gk jawab tanya gibran waton suloyo kek jokowi duluitu salah besar saya
342,ayooo nan udah hisa ngocehbener njhhh datebg lah acara desak gibranmales sebenernya typinv nama awas aja lu dateng
343,msksa kali gambar edit kasar proses mk jg kasar foto natural
344,solo prestasi ekonomi berkat pimpin gibran bayang potensi indonesia pimpin gibran
345,makasih udah wakil pen banget ngomong goblok tidak enak
346,nyata beda jauh sama bapak bagaiman jadi indonesia pimpin dr golong kayak begini 10 kmrn udah bikin malu rakyat ajak sabar terus bansos aja kasih lapang kerja mana janji
347,tentang mas gibran sanggup jawab segala ragu publik
348,ngeles dr pertama gibran sdh langgar sdh ingat kpu gibran sdh mt maaf hrsnya gk usah mbulet krn dua kali laku salah yang sama knp pak ketua takut sm siapa
349,waduh kacau kalau pajak naik sama si gibran samsul seram dah hujan giselle bandung sgie unfoll fuji mcdonald
