,full_text,tweet_english
0,eh botak bilang capres lu dulu ngobrol ama anies bahas komitmen untuk nuntasin dibjakarta lama ngejabat gamau nyalonin bentuk apa pilpres 2019 karenaaa udh komitmen ama pak prabowo mau fokus jakartaaa dulu jadi gubernur gemes gw,uh bald said your presidential candidate used to chat ama discussed the commitment to nuntasin dibjakarta long time gamau nyalonin what form the 2019 presidential election becauseaa udh commitment ama pak prabowo want to focus on jakartaaa used to be governor of gemes gw
1,menhan prabowo subianto abdi korban prajurit tak henti tetap lama dekade08,minister of defense prabowo subianto servant of non-stop soldier victims remained long decade08
2,elektabilitas tembus 45 persen ahy prabowo menang satu putar mua agusyudhoyono pdemokrat demokrat bareng ahy,electability penetrates 45 percent ahy prabowo wins one round mua agusyudhoyono pdemocrat democrat with ahy
3,ahy demokrat siap kawal menang prabowo gibran pilpres 2024 o pdemokrat agusyudhoyono demokrat bareng ahy,ahy democrat ready to control winning prabowo gibran presidential election 2024 o pdemocrat agusyudhoyono democrat with ahy
4,kelola lingkung lanjut komitmen prabowo gibran cipta bangun wibawa 17program prioritaspragibs,manage the environment further commitment prabowo gibran inventive build authority 17program PRIORITASpragibs
5,beri puji ahy prabowo pimpin hebat bangsa indonesia muj pdemokrat agusyudhoyono demokrat bareng ahy,give praise ahy prabowo great leader of the Indonesian nation muj pdemocrat agusyudhoyono democrat with ahy
6,billy mambrasar nilai positif respons prabowo soal isu ham papua dekade08,billy mambrasar positive value prabowo response on human rights issues of Papua decade08
7,jokowi hebatsetuju lihat tampil prabowo debat 1 beliau salah pilih orang,jokowi hebats agreed see appear prabowo debate 1 he chose the wrong person
8,salah lapak bang kalau mau komen kek gin tiktok banyak dukung,"one of the stalls, if you want to comment on Tiktok gin cake, you have a lot of support"
9,prabowo prediksi ahy jadi pimpin tingkat nasional fc agusyudhoyono pdemokrat demokrat bareng ahy,prabowo predicts ahy to be the national level leader of fc agusyudhoyono pdemocrat democrat with ahy
10,prabowo satusatunya capres sudah selesai diri sendiri tak nafsu tak ambisi 100 taruh hidup untuk nkri moga pak prabowo beri sehat selalu segenap laskar jokowi siap awal pak prabowo prabowo for president 2024,prabowo the only presidential candidate is done himself not lust not ambition 100 put life to nkri moga sir prabowo give healthy always all jokowi soldiers ready awal pack prabowo prabowo for president 2024
11,acara hari seru banget prabowo sby djoko suyanto sutanto alumni akabri 19701973 hadir semua dekade08,very exciting day event prabowo sby djoko suyanto sutanto alumni akabri 19701973 attended all decade08
12,ayo bongkar bongkar busuk prabowo subianto,let's unload prabowo subianto rot
13,warga indonesia butuh sosok pimpin seperti mas gibran ada,indonesians need a pimpin figure like Mas Gibran there
14,menjilatt truss,licking truss
15,demokrat sumsel siap menang pasang prabowo gibran pilpres 2024 vh pdemokrat agusyudhoyono demokrat bareng ahy,south Sumatra democrats are ready to win the 2024 presidential election prabowo gibran vh democrats agusyudhoyono democrats together with ahy
16,percaya pak lagi percaya prabowo,believe sir again believe prabowo
17,emang parah jijik sih bunuh karakter leceh personal anies prabowo debat kemaren pak gp aja mo nanya masalah ham pakai kata halus minta maaf dulu seblmnya makanya prabowo serang balik gp,emang parah disgust hell kill character leceh personal prabowo debat kemaren pak aja mo nanya ham masalah use a subtle word apologize first in fact that's why prabowo attack back gp
18,instruksi ahy kader demokrat menang prabowo pilpres 2024 wye pdemokrat agusyudhoyono demokrat bareng ahy,instructions ahy democrat cadres win prabowo presidential election 2024 wye pdemocrat agusyudhoyono democrat with ahy
19,ketua tim komunikasi tkn prabowo gibran budisatrio djiwandono prabowo tetap serius tugas menhan jelang debat pertama capres dekade08,the head of the communication team tkn prabowo gibran budisatrio djiwandono prabowo remains serious about the defense task ahead of the first debate of the presidential candidate decade08
20,apa mau kata prabowo ttg kasus2 langgar ham di pmerinthan jokowi aja beres,what do you want to say prabowo about cases of ham violations in jokowi district just sorted out
21,program prabowo bawa ubah positif industri nasional peluang ekspor makin buka 17program prioritaspragibs,prabowo program bring positive change to the national industry export opportunities are increasingly open 17 priority programs pragibs
22,lu malu ngetweet ginian ngaca,you're embarrassed to tweet ginian ngaca
23,ahy optimis prabowo wujud ubah indonesia ft agusyudhoyono pdemokrat demokrat bareng ahy,ahy optimistic prabowo shape change indonesia ft agusyudhoyono pdemocrat democrat with ahy
24,usai gabung kim elektabilitas demokrat prabowo kian tingkat cj agusyudhoyono pdemokrat demokrat bareng ahy,after joining kim electability democrat prabowo increasingly level cj agusyudhoyono democrat pdemocrat with ahy
25,hadir raya ultah prabowo ahy moga beliau pilih jadi presiden 2024 ely pdemokrat agusyudhoyono demokrat bareng ahy,present prabowo ahy birthday party let's hope he chooses to be president 2024 ely pdemocrat agusyudhoyono democrat with ahy
26,hbd mba sehat sukses gemoy selalu satu neh min dukung dukung pak ultah kasih ucap jg y min,hbd mba healthy success gemoy always one neh min support support support pack birthday thank you say jg y min
27,prabowo sindir anies baswedan apbd paling besar kok mas anies gagal pimpin jakarta gaco anies gempa daesang pagi batter up 100m views pilih baik,prabowo sarcasm baswedan apbd biggest kok mas fail pimpin jakarta gaco earthquake daesang morning batter up 100m views choose good
28,yabg kata negarawan,which statesmen say
29,prabowo subianto dapat banyak dukung artis maupun konten kreator dekade08,prabowo subianto can support many artists and content creators decade08
30,basis lama elektabilitas prabowo makin solid jelang pilpres 2024 jl pdemokrat agusyudhoyono demokrat bareng ahy,the old base of electability prabowo more solid ahead of the 2024 presidential election pdemocrat agusyudhoyono democrat with ahy
31,tarik perspektif bapak eddy soeparno kena putus anis ganjar memang prabowo lihat lebih tegas lanjut program jokowi,pull the perspective of Mr. Eddy Soeparno has to break anis odd indeed prabowo see more firmly jokowi program
32,prabowo ramal ahy bakal jadi pimpin tingkat nasional pw agusyudhoyono pdemokrat demokrat bareng ahy,prabowo prophecy ahy will be the leader of the national level pw agusyudhoyono pdemocrat democrat with ahy
33,abis apbn buat kampanye mulutohir emang bangke,abis apbn for the mouth campaignohir emang bangke
34,unfoll dulu lah socmed dadak bego trs gin sekarang,unfoll first socmed dadak bego trs gin now
35,prabowo ulang tahun ahy doa jadi presiden 2024 gqr agusyudhoyono pdemokrat demokrat bareng ahy,prabowo birthday ahy prayer become president 2024 gqr agusyudhoyono pdemocrat democrat with ahy
36,ikut aja perintah,just follow orders
37,cawapres kim wewenang mutlak capres ahy demokrat usul khofifah cawapres prabowo wn pdemokrat agusyudhoyono demokrat bareng ahy,vice president kim absolute authority presidential candidate ahy democrat proposal khofifah vice president prabowo wn pdemocrat agusyudhoyono democrat with ahy
38,hampir tiap minggu orang demo kantor komnasham tiap kali pak prabowo udang tidak prnah mau dtng,almost every week people demo komnasham office every time pack prabowo shrimp not prnah want dtng
39,semangat besar pancar 17 program prioritas prabowo gibran negeri cinta 17program prioritaspragibs,great spirit transmits 17 priority programs prabowo gibran negeri love 17 priority programspragibs
40,ahy prabowo selalu perhati rakyat kecil turun bawah vm pdemokrat agusyudhoyono demokrat bareng ahy,ahy prabowo always pay attention to the small people down below vm pdemocrat agusyudhoyono democrat with ahy
41,pak prabowo kata emang jumat,mr. Prabowo said it was Friday
42,moga anak bunuh polisibiar prabowo juang adil buat kamu,may anak kill polisibiar prabowo fight fair for you
43,rem banget efek asam sulfat,really brake the effects of sulfuric acid
44,ahy juang menang prabowo siapa cawapresnya gwi agusyudhoyono pdemokrat demokrat bareng ahy,ahy juang win prabowo who is vice president gwi agusyudhoyono pdemocrat democrat with ahy
45,ahy ajak warga jawa barat menang prabowo satu putar anr agusyudhoyono pdemokrat demokrat bareng ahy,ahy invite the citizens of West Java to win prabowo one round anr agusyudhoyono pdemocrat democrat with ahy
46,ahy siap menang prabowo demokrat bangkit 2024 me pdemokrat agusyudhoyono demokrat bareng ahy,ahy is ready to win prabowo democrat rise 2024 me pdemocrat agusyudhoyono democrat with ahy
47,damping kampanye prabowo tasik ahy yakin indonesia makin maju makmur tvo pdemokrat agusyudhoyono demokrat bareng ahy,damping prabowo Lake campaign ahy sure Indonesia is getting ahead prosperous tvo democrat agusyudhoyono democrat with ahy
48,isu goreng 5 tahun sekali selalu keluar jelang milu saja kalau bukan buat nyerempet pak prabowobuat jadi jelas tanya ganjar ingin diskredit prabowo,"the issue of frying every 5 years always comes out ahead of milu only if it doesn't make you nervous, Mr. Prabowobuat so it's clear to ask odd to want to discredit Prabowo"
49,sumber mulut prabowo om,mouth source prabowo om
50,wkwkwkwkwkwk kubu jokowi cs nya ahok kubu prabowo cs nya jokowi jokowi prabowo cs nya habib rizieq anies cs nya habib rizieq ahokers ini panas liat habib rizieq dukung anies junjung lo aja cs nya habib rizieq,wkwkwkwkwkwk stronghold jokowi cs nya ahok stronghold prabowo cs nya jokowi jokowi prabowo cs nya habib rizieq cs nya habib rizieq ahokers ini panas liat habib rizieq dukung junjung lo aja cs nya habib rizieq
51,info slot gacor hari slot percaya di jamin membayara link slot gacor prabowo gibran masdar anies pakbowoikut maunyakita gaco haechan lee,slot info gacor day slot believe guaranteed pay for slot link gacor prabowo gibran masdar pakbowoikut maunyakita gaco haechan lee
52,harus mas ahy damping prabowo bangcocoklah dripda gibranjauh kemana2lah,must mas ahy damping prabowo bangcocoklah dripda gibranjauh mana2
53,sikap tegas prabowo bawa unggul jawa barat omn pdemokrat agusyudhoyono demokrat bareng ahy,prabowo's firm stance brings superiority to West Java omn pdemocrat agusyudhoyono democrat with ahy
54,pas tepat pak prabowo satu paket jokowi prrsiden bangga rakyat indonesia,pas tepat pak prabowo satu paket jokowi prrsiden bangga rakyat indonesia
55,banyak foto indikasi banya anak2 bawah umur waktu demo prabowo sayang bahkan prabowo jadi menhan orang kuat 3 indonesia kasus kes penting prabowo,many photos indicate how many children are underage during the demo prabowo baby even prabowo so menhan strong man 3 indonesia important case of prabowo
56,pernah liat anjing makan kotoranlidahnya dijulurin,have you ever seen a dog eat the droppings of his tongue stretched
57,ahy yakin prabowo pimpin prioritas penting bangsa zxs agusyudhoyono pdemokrat demokrat bareng ahy,ahy sure prabowo led the nation's important priorities zxs agusyudhoyono pdemocrat democrat with ahy
58,indonesia tuju indonesia emas sama prabowo gibran,indonesia destination indonesia gold sama prabowo gibran
59,wan abud tau terimakasih,wan abud know thank you
60,sila ngeles sedap hati gerombol bebek,please explain the delicious duck hordes
61,persis kata budiman ade kalo dukung probowo,exactly the word gentleman ade if you support probowo
62,partai demokrat prabowo sama presiden ke6 ke7 jadi presiden ke8 ker pdemokrat agusyudhoyono demokrat bareng ahy,prabowo democratic party with the 6th and 7th president so the 8th president ker pdemocrat agusyudhoyono democrat with ahy
63,pak prabowo punya lebih punya presiden belum pimpin kaya jauh kkn nilai plus beliau nyapres beliau ketua partai bukan tugas bukan anak pungut jadi tak satu orang dalam partai berani intimidasi beliau bagai kalau pilih,"mr. Prabowo has more than a president yet leads the rich away because of his plus value, he is the party chairman, not a duty, not a pick-up boy, so no one in the party dares to intimidate him like if he chooses"
64,achb hoaxxx asap disingapura asap ktp orchad road,achb hoaxxx smoke disingapura smoke ktp orchad road
65,program kerja prabowo gibran kena ini memang sangat luar biasa sekali tuju manfaat,prabowo gibran work program hit by this is indeed very extraordinary for the benefit of
66,prabowo aku sosok pimpin daulat indonesia owt pdemokrat agusyudhoyono demokrat bareng ahy,prabowo I am the figure of the leader of the Indonesian daulat owt pdemocrat agusyudhoyono democrat with ahy
67,anies ungkap faktapara dayang2 kata menyerangbukannya prabowo serang anies tong,anies say faktapara dayang2 kata attackbukannya prabowo attack tong
68,1 prabowo 2 ganjar 3 anis prediksi,1 prabowo 2 odd 3 anis prediction
69,prabowo gibran samasama cacat etik cacat moral,prabowo gibran samasama ethical defect moral defect
70,tidak tahan godaakhirnya turun kasta diri,can't stand the temptation of finally going down the caste
71,prabowo sindir anies baswedan apbd paling besar kok mas anies gagal pimpin jakarta gaco anies gempa daesang pagi batter up 100m views pilih baik,prabowo sarcasm baswedan apbd biggest kok mas fail pimpin jakarta gaco earthquake daesang morning batter up 100m views choose good
72,pak fokus cuma food estate aja banyak kerja prabowo bagus pernah liat kasih fakta deh biar tidak cuma salah 1 program aja teliti prestasi jadi menhan prabowo paling kompeten pimpin republik indonesianews,"sir, just focus on the food estate, a lot of good prabowo work, have you ever seen the facts, so that you are not only one of the 1 programs, you are careful about performance, so the minister of defense, prabowo, is the most competent to lead the republic of Indonesia?"
73,double wowww tuh tanah manaaaaaa ntar baca tahu ngerti reaksi ohhh myyy,double wowww tuh tanah manaaaaaa ntar Baca tahu understand reaction ohhh myyy
74,perlu jelas kongkrit kait sampai pak supaya jadi preseden buruk depan apabila beliau beri amanah benar video tersebutkonteks apa kapan sampai,"need to be clear about the hook until sir so that it becomes a bad precedent in the future if he gives the right mandate of the video, the context of what time to arrive"
75,baca berita detik aku jadi ketawa klau pihak ada backingannya pak lurah ngeyel amp nyalahin panitia milu alias kpu kpu nya diam sj malah ngikutin wakil ketua tim kampanye nasional tkn prabowo subiantogibran rakabuming raka habiburokhman bela,read the news the second I get a laugh if there is a backingannya sir lurah ngeyel amp nyalahin committee milu alias kpu kpunya silent sj even follow the deputy head of the national campaign team tkn prabowo subiantogibran rakabuming raka habiburokhman bela
76,kalau sukajangan tinggal negri initinggal negri mayoritas kafir,"if the sukajangan lives in this country, the majority of the country is infidel"
77,lah bilang pa prabowo sendiri kan bang anies cuma niru bli ko,well said pa prabowo itself right bang only niru bli ko
78,karna pak anies modal jual plakmasa gin aja pahamingat pak anies bukan orang partai plakjadi kenapa prabowo panggil ajak pak anies kan pks bawaterus pak prabowo nyodorin unno kanbuktinya menang pilgub dkimasa gin aja ngerti,"because sir sold plakmasa gin capital, I understand that sir is not a plakjadi party person, so why did prabowo call to invite pak anies, right pks bawaterus pak prabowo nyodorin unno kanbuktinya win pilgub dkimasa gin aja understand"
79,suara untukk nomer 2 pokok masdar amin moga menang satu putarann prabowogibran,votes for number 2 masdar amin moga win one round prabowogibran
80,ngiring dukung sareng sareng putra bal,escort support sareng sareng son bal
81,aja bang wkwkwk,aja bang wkwkwk
82,usai gabung kim elektabilitas demokrat prabowo kian tingkat mh pdemokrat agusyudhoyono demokrat bareng ahy,after joining kim electability democrat prabowo increasingly mh pdemocrat agusyudhoyono democrat with ahy
83,betul anak tukang becak sekarang kuliah jadi sarjana sekarang nya anak tukang becak bisa mimpi lebih tinggi,right the son of a rickshaw repairman is now in college so the bachelor is now the son of a rickshaw repairman can
84,bismilah yok masdar indonesia di pimpin prabowo gibran gas selalu yok yokk,bismilah yok masdar indonesia di pimpin prabowo gibran gas always yok yok
85,ngimmmpiiiiiii bangun hongkong,ngimmmpiiiiiii wake up hongkong
86,prabowo main isu pki 2014 lebih dar politik identitas masalah org indonesia byk asumsi komunis konsep teologi bukan ideologi mudarat selain buka lembar luka sejarah para dukung tika saling umbar aib bapak2 bangsa,prabowo play the issue of pki 2014 more than identity politics the masalah of Indonesian people by assuming communism the concept of theology is not a harmful ideology other than opening the wound sheet of history para support each other tika disgrace the fathers of the nation
87,sehatsehat pak sehat bapak lebih utama sy yakin bapak bangga pak sdh bapak usung jadi gub dki itu tyt bapak salah pilih jadi bs lihat putra baik negri terimakasih pak prabowo,"healthy, sir, healthy, you're more important, I'm sure you're proud, sir, you're usung, so it's dki's gub, you chose the wrong one, so you can see the good son of the country, thank you, sir, prabowo"
88,dosen ugm nyarwi ahmad citra gemoy prabowo lama rupa bagi ilusi realitas buat,lecturer ugm nyarwi ahmad image gemoy prabowo lama for the illusion of reality for
89,bicara prabowo tum partai tokoh capres bicara partai arti politik seluruh parpol muara kuasa tentu prabowo gabung perintah strategi gerindra skala nasional internasional,prabowo speech tum party figure presidential candidate party talk political meaning all political parties estuaries of power of course prabowo merge gerindra strategy orders on an international national scale
90,pak prabowo julur lidah bukan edit gemoygebrakan monyet,pack prabowo stick out your tongue not edit gemoygebrakan monkey
91,elektabilitas tembus 45 persen ahy prabowo menang satu putar mua agusyudhoyono pdemokrat demokrat bareng ahy,electability penetrates 45 percent ahy prabowo wins one round mua agusyudhoyono pdemocrat democrat with ahy
92,prabowogibran bukan cuma pasang solusi buat pilih bimbang dekade08,prabowogibran not only install solutions to choose worry decade08
93,pilih asli lalu beberapa kali nyaring alias tempa alam itu,select the original and then several times loudly aka the natural forging
94,beri puji ahy prabowo pimpin hebat bangsa indonesia muj pdemokrat agusyudhoyono demokrat bareng ahy,give praise ahy prabowo great leader of the Indonesian nation muj pdemocrat agusyudhoyono democrat with ahy
95,cemberut pak sby kyk malesss kmrn wktu bareng sama pak prabowo gunung tidar liat sumringah semangat banget awokkwokkwokk,frown sir sby kyk malesss kmrn wktu together with pak prabowo mountain tidar clay sumringah spirit really awokkwokkwokk
96,ahy instruksi seluruh kader demokrat menang prabowo pilpres 2024 joy agusyudhoyono pdemokrat demokrat bareng ahy,ahy instruction of all democratic cadres to win prabowo presidential election 2024 joy agusyudhoyono pdemocrat democrat with ahy
97,umur 15 tahun punya hak pilih bukan arti boleh dukung konfirmasi sama ayah benar harun al rasyid dukung prabowo nuduh orang hoax membuaylt tuduh hoax butuh mantel intelligence,"15 years old has the right to vote, not the meaning of being able to support the confirmation of the father, Harun Al Rashid, supports Prabowo, accusing the hoax people of making false accusations that hoaxes need an intelligence coat"
98,memang sesal kolam bisa gerus suara prabowo,indeed regret that the pool can brush the sound of prabowo
99,panggil memed sekarang,call memed now
100,sosok capres gemoy beri riang gembira masyarakat,the figure of presidential candidate Gemoy gives a cheerful public
101,heleh gaya loo sok,heleh gaya loo sok
102,prabowo prediksi ahy jadi pimpin tingkat nasional fc agusyudhoyono pdemokrat demokrat bareng ahy,prabowo predicts ahy to be the national level leader of fc agusyudhoyono pdemocrat democrat with ahy
103,duh hobi ko julurin lidah si pak kalau calon pimpin hobi julurin tangan bantu anak bangsa gaco anies daesang olivia gempa adidas dana ahok batter up 100m views molly ginting pilih baik kela prabowo,duh hobby ko julurin tongue sir if the candidate leads the hobby julurin hand help the nation's children gaco daesang olivia earthquake adidas dana ahok batter up 100m views molly ginting choose well kela prabowo
104,prabowo usah ikut debat lah ikut cerdas cermat aja,"prabowo, don't take part in the debate, just be smart"
105,anak usia 15 tahun tidak punya hak pilih jadi korban tinggal aksi demo dukung prabowo protes hasil pilpres 2019 bocil ditimang2 prabowo dipakein atribut partai usung prabowo bwt pilpres 2024 siapa offside,"children aged 15 years do not have the right to vote as victims of the live demonstration supporting prabowo protesting the results of the 2019 presidential election, the children of prabowo are used in the attributes of the usung party, prabowo bwt, the 2024 presidential election, who is offside"
106,ahy minta kader panas mesin partai menang prabowo pilpres 2024 odd pdemokrat agusyudhoyono demokrat bareng ahy,ahy asked the hot cadre of the party machine to win the 2024 presidential election prabowo odd pdemocrat agusyudhoyono democrat with ahy
107,pas debat semalem nonton anies prabowo ganjar udah yakin sii minimal pilih anies,pass semalem debate watch prabowo already sure sii at least choose anies
108,si lebih parah kata bangsa inj satu dgn islam,the worse said the inj nation one with islam
109,kalau mah bukan bagi bansos nama pak kampanye sponsor negera gaco anies daesang olivia gempa adidas dana ahok batter up 100m views molly ginting pilih baik kela prabowo,"if mah is not for bansos, the name of the campaign is state sponsor gaco daesang olivia earthquake adidas dana ahok batter up 100m views molly ginting choose good kela prabowo"
110,heuheu nyerang prabowo pake kata oposisi 2partai koalisi di perintah oposisi ndasmu broo,heuheu nyerang prabowo use the word opposition 2 parties coalition in opposition command ndasmu broo
111,demokrat sumsel siap menang pasang prabowo gibran pilpres 2024 vh pdemokrat agusyudhoyono demokrat bareng ahy,south Sumatra democrats are ready to win the 2024 presidential election prabowo gibran vh democrats agusyudhoyono democrats together with ahy
112,ahy instruksi kader demokrat menang prabowo pilpres 2024 ij pdemokrat agusyudhoyono demokrat bareng ahy,ahy instruction of democrat cadres winning the 2024 presidential election prabowo ij pdemocrat agusyudhoyono democrat with ahy
113,masuk akal suara prabowo jokowi 2019 satu prabowo gibran harus 100 lihat survey 45 aja susah bakal menang 1 putar,plausible sound prabowo jokowi 2019 one prabowo gibran must 100 see the survey 45 just difficult will win 1 spin
114,emang capres goblok prabowo tinggal jawab aja mau nyelesaikan apa engga tolak lupa,emang presidential candidate goblok prabowo just answer me if you want to finish what not to refuse to forget
115,prabowo sindir anies baswedan apbd paling besar kok mas anies gagal pimpin jakarta gaco anies gempa daesang pagi batter up 100m views pilih baik,prabowo sarcasm baswedan apbd biggest kok mas fail pimpin jakarta gaco earthquake daesang morning batter up 100m views choose good
116,gue pikir debat kemarin semua normal gpp pas nyebut soal prabowo anak aja sedak kaget tolak lupa,i think yesterday's debate was all normal gpp pas mentioned about prabowo children just a little surprised to refuse to forget
117,ahy instruksi kader demokrat rapat baris menang prabowo rel agusyudhoyono pdemokrat demokrat bareng ahy,ahy instruction cadre democrat win line meeting prabowo rail agusyudhoyono pdemocrat democrat with ahy
118,dlm debat anies n ganjar kompak serang prabowo ttg langgar ham bisnis macet ikut kuasa knp prabowo balik nanya kasus ektp ganjar ato formulae warga dki tinggal tp trlantar anies jubir n bala 02 lbh sibuk counter serang lawan settingan gas,in the debate n odd compact attack prabowo about breaking ham business jammed with power knp prabowo back question case ektp odd ato formulae residents dki stay tp trlantar jubir n bala 02 lbh busy counter attack opponent gas setting
119,ahy optimis prabowo wujud ubah indonesia ft agusyudhoyono pdemokrat demokrat bareng ahy,ahy optimistic prabowo shape change indonesia ft agusyudhoyono pdemocrat democrat with ahy
120,hadir raya ultah prabowo ahy moga beliau pilih jadi presiden 2024 ely pdemokrat agusyudhoyono demokrat bareng ahy,present prabowo ahy birthday party let's hope he chooses to be president 2024 ely pdemocrat agusyudhoyono democrat with ahy
121,ahy ajak seluruh kader partai demokrat menang prabowo pilpres 2024 upj pdemokrat agusyudhoyono demokrat bareng ahy,ahy invites all democratic party cadres to win the 2024 presidential election prabowo upj pdemocrat agusyudhoyono democrat with ahy
122,pasti prabowo anies punya prestasi,surely prabowo has achievements
123,bansos rupa bagi peran negara hadir masyarakat miskin bukan ajang bancak sosial kampanye gaco anies daesang olivia gempa adidas dana ahok batter up 100m views molly ginting pilih baik kela prabowo,bansos likeness for the role of the state present poor people not a social event campaign gaco daesang olivia earthquake adidas dana ahok batter up 100m views molly ginting choose well kela prabowo
124,satu prabowo jokowi tahun 2019 buat indonesia lewat bagai krisis beberapa tahun akhir dekade08,one prabowo jokowi in 2019 for Indonesia through like a crisis in the last few years of the decade08
125,basis lama elektabilitas prabowo makin solid jelang pilpres 2024 jl pdemokrat agusyudhoyono demokrat bareng ahy,the old base of electability prabowo more solid ahead of the 2024 presidential election pdemocrat agusyudhoyono democrat with ahy
126,prabowo ulang tahun ahy doa jadi presiden 2024 gqr agusyudhoyono pdemokrat demokrat bareng ahy,prabowo birthday ahy prayer become president 2024 gqr agusyudhoyono pdemocrat democrat with ahy
127,netizen kepo bukan krn siapa paling banyak harta cangkem prabowo blunder panggung debat tidak punya apa apa padahal 2t sebut apa apa punya,netizens kepo not because who has the most property prabowo blunder prabowo stage debate has nothing even though 2t say what have
128,mastum kamu tepuk air dulang percik muka sendiri kampanye nyata justru kamu sendiri disinformasi jadi hancur kredibilitas mastum akan twitmu memgatakan 02 kampanye pakai rokok coba sekali turun rl kamu kaget mastum,mastum you pat the water tray splash your own face real campaign instead you yourself disinformation so destroyed the credibility of mastum will tweet you 02 campaign use cigarettes try once down rl you are shocked mastum
129,pakai strategi serang darat udara demokrat jakarta kerja keras menang prabowo t agusyudhoyono pdemokrat demokrat bareng ahy,use air ground attack strategy democrat jakarta hard work win prabowo t agusyudhoyono pdemocrat democrat with ahy
130,budiman kata pak prabowo dalam posisi penuh panggil tugas negara dekade08,gentleman said Mr. Prabowo was in a full position calling for state duties in the decade08
131,wakwawaww mohon maaf numpang tanya kali pak prabowo mau nyalonin jadi presiden apa mau nyalonin jadi tri pakkasihan bapak udah capek maki orang fitnah orang tau di bela sebenernya cuma mau jadi tri,wakwawaww apologies for asking when Mr. Prabowo wants to nominate so the president whether to nominate so tri pakkasihan father is tired of cursing people slander people know in defense actually just want to be tri
132,ahy juang menang prabowo siapa cawapresnya gwi agusyudhoyono pdemokrat demokrat bareng ahy,ahy juang win prabowo who is vice president gwi agusyudhoyono pdemocrat democrat with ahy
133,lambe turah mintain dapat aja dah aneh doi baris ama si ituh,lambe turah mintain can just be weird doi line ama si ituh
134,bansos buat rakyat miskin bukan butuh kampanye gaco anies daesang olivia gempa adidas dana ahok batter up 100m views molly ginting pilih baik kela prabowo,bansos for the poor not need a campaign gaco daesang olivia earthquake adidas dana ahok batter up 100m views molly ginting choose well kela prabowo
135,lu percaya bang gw sih kaga,you believe bang saya anyway kaga
136,jogetin aja wkwkkkkk,jogetin aja wkwkkkkkk
137,cawapres kim wewenang mutlak capres ahy demokrat usul khofifah cawapres prabowo wn pdemokrat agusyudhoyono demokrat bareng ahy,vice president kim absolute authority presidential candidate ahy democrat proposal khofifah vice president prabowo wn pdemocrat agusyudhoyono democrat with ahy
138,demokrat sumbar tegak lurus instruksi ahy siap menang prabowo pilpres 2024 kyz agusyudhoyono pdemokrat demokrat bareng ahy,pledge democratic upright instructions ahy ready to win prabowo presidential election 2024 kyz agusyudhoyono pdemocrat democrat with ahy
139,prabowo prajurit selalu komitmen abdi korban buat bangsa dekade08,prabowo soldiers are always committed to serving the victims for the nation in the decade08
140,ahy ngaku tak masalah siapa cawapres prabowo fokus menang nyg agusyudhoyono pdemokrat demokrat bareng ahy,ahy admitted it didn't matter who was vice president prabowo focused on winning nyg agusyudhoyono pdemocrat democrat with ahy
141,ahy siap menang prabowo demokrat bangkit 2024 me pdemokrat agusyudhoyono demokrat bareng ahy,ahy is ready to win prabowo democrat rise 2024 me pdemocrat agusyudhoyono democrat with ahy
142,semangat baharu prabowo gibran rintis emas negeri 17program prioritaspragibs,new spirit prabowo gibran state gold pioneer 17program PRIORITASpragibs
143,pak prabowo bilang masalah papua rumit makanya hampir 5 tahun beliau d menhan kelar2 apa lg masalah seluruh indonesia lebih rumit pimpin indonesia emang berat amp rumit mas tum semua sanggup biar amin aja,"pak Prabowo said the masalah of Papua was complicated, that's why for almost 5 years he d menhan kelar2 apa lg masalah all over Indonesia is more complicated pimpin Indonesia emang Berat & complicated mas tum all able to let amin aja"
144,kalau mah bukan bagi bansos nama pak kampanye sponsor negera gaco anies daesang olivia gempa adidas dana ahok batter up 100m views molly ginting pilih baik kela prabowo,"if mah is not for bansos, the name of the campaign is state sponsor gaco daesang olivia earthquake adidas dana ahok batter up 100m views molly ginting choose good kela prabowo"
145,sikap tegas prabowo bawa unggul jawa barat omn pdemokrat agusyudhoyono demokrat bareng ahy,prabowo's firm stance brings superiority to West Java omn pdemocrat agusyudhoyono democrat with ahy
146,prabowo sindir anies baswedan apbd paling besar kok mas anies gagal pimpin jakarta gaco anies gempa daesang pagi batter up 100m views pilih baik,prabowo sarcasm baswedan apbd biggest kok mas fail pimpin jakarta gaco earthquake daesang morning batter up 100m views choose good
147,titip agenda prabowo ahy esensi ubah baik kita juang rga pdemokrat agusyudhoyono demokrat bareng ahy,titip agenda prabowo ahy essence of change well we fight rga pdemocrat agusyudhoyono democrat with ahy
148,prabowo gibran hasil cipta bijak orientasi adil gender aku peran penting perempuan bangun 17program prioritaspragibs,prabowo gibran cleverly created gender fair orientation I have an important role for women to build 17 priority programs pragibs
149,anies ganjar tidak tegas gatau mau lanjutin apa udah deh jelas jelas aja pak prabowo,"anies not firm or want to continue what's already clear, sir prabowo"
150,ahy yakin prabowo pimpin prioritas penting bangsa zxs agusyudhoyono pdemokrat demokrat bareng ahy,ahy sure prabowo led the nation's important priorities zxs agusyudhoyono pdemocrat democrat with ahy
151,biar adil anis cocok jadi presiden debat biar prabowo jadi presiden indonesia,to be fair anis suitable to be the president of the debate so that prabowo becomes the president of Indonesia
152,masingmasing buzzer dukung kan yakin tuh kalo pegang bakal menang jadi presiden kenapa saling jelek satu sama,"each buzzer supports you, sure, if you hold it you will win so the president why is it bad for each other"
153,kau bilang kan kuasa tanya nya apa prabowo knp prabowo kuasa mana,you said the power to ask what is prabowo knp prabowo which power
154,nusron tegas langkah gabung prabowo perintah bukan bentuk pragmatisme hanya cari untung semata dekade08,nusron firmly join prabowo order is not a form of pragmatism just looking for profit decade08
155,turut gw sih gara2 bangpior deh kalau salahdisalah satu konten kata pilih prabowo gemoydia blang pas lihat potong tt pak ps mbak najwa eits entar tunggu dulu sambil joget soal ptongan tt bangpior rame,gw anyway gara2 bangpior deh if one of the contents of the word choose prabowo gemoydia blang pas see the cut tt pak ps mbak najwa eits entar wait while jogging about ptongan tt bangpior rame
156,partai demokrat prabowo sama presiden ke6 ke7 jadi presiden ke8 ker pdemokrat agusyudhoyono demokrat bareng ahy,prabowo democratic party with the 6th and 7th president so the 8th president ker pdemocrat agusyudhoyono democrat with ahy
157,pak prabowo tani cawapres walikota solo min,pak prabowo tani vice president mayor solo min
158,ahy minta kader panas mesin partai menang prabowo pilpres 2024 jla agusyudhoyono pdemokrat demokrat bareng ahy,ahy ask cadre hot party machine win prabowo presidential election 2024 jla agusyudhoyono pdemocrat democrat with ahy
159,hak asasi digital prabowo gibran tingkat akses internet optimal dekade08,digital rights prabowo gibran optimal internet access level decade08
160,prabowo tegas tambah gaji hapus pungli,prabowo firmly increase salary remove pungli
161,prabowogibran siapsiap sapa pilih masih bimbang nih dekade08,prabowogibran ready to say hello to select still worried nih decade08
162,komitmen dukung prabowo ahy pasti hadir temu tum kim nun agusyudhoyono pdemokrat demokrat bareng ahy,commitment to support prabowo ahy will definitely attend the meeting tum kim nun agusyudhoyono pdemocrat democrat with ahy
163,prabowo aku sosok pimpin daulat indonesia owt pdemokrat agusyudhoyono demokrat bareng ahy,prabowo I am the figure of the leader of the Indonesian daulat owt pdemocrat agusyudhoyono democrat with ahy
164,usai gabung kim elektabilitas demokrat prabowo kian tingkat mh pdemokrat agusyudhoyono demokrat bareng ahy,after joining kim electability democrat prabowo increasingly mh pdemocrat agusyudhoyono democrat with ahy
165,genit banget pak prabowo dalam video klip nya,very flirtatious sir prabowo in his video clip
166,buka mata lu cong cek tuh akun ngangngengngong ngak jls lu,open your eyes cong check tuh ngangngengngong ngak jls lu account
167,bullshit sajapeng peng ujung2nya,bullshit sajapeng peng the tips
168,elektabilitas kian tingkat ahy optimis prabowo gibran menang pilpres 2024 wv agusyudhoyono pdemokrat demokrat bareng ahy,electability is getting higher ahy optimistic prabowo gibran won the 2024 presidential election wv agusyudhoyono pdemocrat democrat with ahy
169,tak bahwa maju pak prabowo bagai calon presiden iya abdi beri baik untuk bangsa,"is it not true that going forward, Mr. Prabowo, like a presidential candidate, is it good for the nation?"
170,prabowo jumat dimanaaaaaa,prabowo friday whereaaaaa
171,fyp full kampanye prabowo gin ckck,fyp full campaign prabowo gin ckck
172,depan taruna akmil prabowo ingat abdi korban prajurit tni sifat lama dekade08,in front of cadets akmil prabowo remember the servant of the soldier victim tni old nature of the decade08
173,tuju dapat bapak eddy soeparno prabowo memang lihat tegas seperti tahan programprogram baik perintah belum,destination can Mr. eddy soeparno prabowo really see it firmly like holding a good program command yet
174,ahy prabowo gibran menang demokrat masuk ke perintah ayd pdemokrat agusyudhoyono demokrat bareng ahy,ahy prabowo gibran win democrat into order ayd pdemocrat agusyudhoyono democrat with ahy
175,lah juga dulu dukung prabowo lebih liberal anies itu lebih anti jokowipdip sejak kasus ahok,well also used to support prabowo more liberal it's more anti jokowipdip since ahok case
176,zulhas optimistis prabowo gibran menang satu putar usai debat capres dasar trend elektabilitas memang dekat 50 masbowogibran gakretorika pakbowoikut maunyakita menang 1 putar via,"zulhas is optimistic that prabowo gibran won one round after the basic presidential debate, the electability trend is indeed close to 50 masbowogibran gakretorika pakbowoikut maunyakita won 1 round via"
177,negara jangan coba2 pilih pasti2,countries do not try to select definitely2
178,hasil survei prabowo gibran moncer ahy yakin menang putar pertama hva pdemokrat agusyudhoyono demokrat bareng ahy,the results of the survey prabowo gibran moncer ahy sure win the first round hva pdemocrat agusyudhoyono democrat with ahy
179,ahy instruksi seluruh kader demokrat menang prabowo pilpres 2024 joy agusyudhoyono pdemokrat demokrat bareng ahy,ahy instruction of all democratic cadres to win prabowo presidential election 2024 joy agusyudhoyono pdemocrat democrat with ahy
180,prabowo sindir anies baswedan apbd paling besar kok mas anies gagal pimpin jakarta gaco anies gempa daesang pagi batter up 100m views pilih baik,prabowo sarcasm baswedan apbd biggest kok mas fail pimpin jakarta gaco earthquake daesang morning batter up 100m views choose good
181,sby pak prabowo tak sendiri demokrat terus sama lwn agusyudhoyono pdemokrat demokrat bareng ahy,sby pak prabowo is not himself a democrat and continues to be the same v. agusyudhoyono pdemocrat democrat with ahy
182,inisiatif prabowo industri nasional harap mampu luas jangkau ekspor 17program prioritaspragibs,"national industrial prabowo initiative, please be able to expand the export reach of 17 pragibs priority programs"
183,menhan prabowo hidup prajurit tentang abdi korban lama dekade08,defense minister prabowo lives soldier about old slave victim of the decade08
184,prabowo gibran beri harap baru program daya ekonomi masyarakat kurang senjang sosial 17program prioritaspragibs,prabowo gibran give hope for a new economic power program for the underprivileged community 17 priority programs pragibs
185,solo bisa ubah waktu singkat yakin indonesia mampu ubah 1 periode sama prabowo gibran,solo can change a short time sure indonesia is able to change 1 period with prabowo gibran
186,bangun sistem administrasi adaptif prabowo gibran komitmen tingkat kerja negara 17program prioritaspragibs,build an adaptive administrative system prabowo gibran commitment to the working level of the country 17 priority program pragibs
187,emang kalo jadi president mau diapain berani tidak keluar dlm debat isue berantas ham,even if you become the president you want to do it dare not come out in the debate isue eradicate ham
188,ahy instruksi kader demokrat menang prabowo pilpres 2024 ij pdemokrat agusyudhoyono demokrat bareng ahy,ahy instruction of democrat cadres winning the 2024 presidential election prabowo ij pdemocrat agusyudhoyono democrat with ahy
189,ngeri kali narasi dukung prabowo bengis sekali kata2 nya apa cermin di dukung,horrified times narration support prabowo ruthless once his words what is the mirror in support
190,prestasi wowo gebrak meja joged melet2 tantrum,feat wowo gebrak table joged melet2 tantrum
191,demokrasi cuma soal menang milu fair transparan bro prabowo gibran lebih untung lho,democracy is just a matter of winning milu fair transparent bro prabowo gibran more profitable you know
192,pak prabowo pecat nih adminnya koq malah promosiin pak anies awokawkok,"pak Prabowo fired the admin. Instead, he promoted Pak Anies Awokawkok."
193,hipokrit kalah dipilpres malah jadi menteri gila jabat,hypocrites lose the presidential election and even become crazy ministers
194,ahy instruksi kader demokrat rapat baris menang prabowo rel agusyudhoyono pdemokrat demokrat bareng ahy,ahy instruction cadre democrat win line meeting prabowo rail agusyudhoyono pdemocrat democrat with ahy
195,prabowogibran punya trik khusus pilih masih bimbang dekade08,prabowogibran has a special trick select still indecisive decade08
196,ayo kt undang amp pandu sorak utk ikut hadir temu keluarga korban,let's invite & cheerleaders to attend the victim's family meeting
197,uhukkkkkkk kasih uang berapa info dong,uhukkkkkkk how much money do you give info
198,gaya kampanye joget gemoy capres nomor urut 2 prabowo subianto ramai disebutsebut mirip bongbong marcos siapa,gemoy capres joget campaign style sequence number 2 prabowo subianto crowded is called like bongbong marcos who
199,5 tempat wisata keluarga bandung rekomendasi libur akhir tahun seru sama orang sayang masdar anies prabowo bts is coming gaco seventeen gempa adidas,5 family attractions bandung recommendations for year-end holidays fun with people love masdar prabowo bts is coming gaco seventeen adidas earthquake
200,paslon 02 prabowo gibran jangan galau pilih pasti dekade08,paslon 02 prabowo gibran don't be afraid to choose for sure decade08
201,ahy ajak seluruh kader partai demokrat menang prabowo pilpres 2024 upj pdemokrat agusyudhoyono demokrat bareng ahy,ahy invites all democratic party cadres to win the 2024 presidential election prabowo upj pdemocrat agusyudhoyono democrat with ahy
202,lu liat belakang prabowo kan hitung aja berpa kuasa situ 3 suharto sby jokowi arti prabowo estafet dri penguasa2 tsbt,lu clay back prabowo kan count aja berpa kuasa situ 3 suharto sby jokowi arti prabowo relay dri rulers tsbt
203,gerindra bantah soal anies bilang prabowo bisnis macet gegara jadi oposisi,gerindra argues about saying that prabowo business is stuck in the country so the opposition
204,tenang pak prabowo menang hati tapi maaf anies lah menang saat tenang ada 2029 silah lawan inkamben presiden anies,calm sir prabowo win the heart but sorry is winning when there is calm 2029 silah opponent incamben president anies
205,pakai strategi serang darat udara demokrat jakarta kerja keras menang prabowo t agusyudhoyono pdemokrat demokrat bareng ahy,use air ground attack strategy democrat jakarta hard work win prabowo t agusyudhoyono pdemocrat democrat with ahy
206,elektabilitas tembus 45 persen ahy prabowo menang satu putar ze agusyudhoyono pdemokrat demokrat bareng ahy,electability penetrate 45 percent ahy prabowo win one swivel ze agusyudhoyono pdemocrat democrat with ahy
207,mas chavesmas chaves dukung prabowo bukan baris fanatik mas jadi kalau prabowo gabung alas satu bangsa tepat lebih tepat prabowo gabung tinggal dukung belakang,mas chavesmas chaves supports prabowo is not a row of mas fanatics so if prabowo joins the pedestal of one nation it is exactly more appropriate prabowo joins stay behind
208,ahy minta kader panas mesin partai menang prabowo pilpres 2024 odd pdemokrat agusyudhoyono demokrat bareng ahy,ahy asked the hot cadre of the party machine to win the 2024 presidential election prabowo odd pdemocrat agusyudhoyono democrat with ahy
209,ahy prabowo pimpin satu bangsa sp pdemokrat agusyudhoyono demokrat bareng ahy,ahy prabowo led a nation sp pdemocrat agusyudhoyono democrat with ahy
210,yg dukung ijtima ulama rawan kalah prabowo 2x kalah mulu,who supports ijtima ulama prone to losing prabowo 2x losing mulu
211,klu org dapilku pst tdk akn aku pilih aneh banget partai dukung prabowo gibran tp malah di serang mulu jago partai,klu org dapilku pst I will not choose strange party support prabowo gibran but instead attacked mulu champion party
212,moga hati tulus kerja warga solobisa jadi mas gibran wakil presiden kerja rakyat indonesia,"may the sincere heart of the work of the people of Solobisa become Mr. Gibran, vice president of the work of the people of Indonesia"
213,pak prabowo emg junjung tinggi damai tulus utk rakyat,pak prabowo emg uphold peace sincerely for the people
214,bukan prabowo serang aniessementara anies ungkap fakta apa jadi lapang sebenarnyaaneh sekali kalian,not prabowo attack aniess while reveal what facts are so spacious it's actually weird you guys
215,demokrat sumbar tegak lurus instruksi ahy siap menang prabowo pilpres 2024 kyz agusyudhoyono pdemokrat demokrat bareng ahy,pledge democratic upright instructions ahy ready to win prabowo presidential election 2024 kyz agusyudhoyono pdemocrat democrat with ahy
216,hbd bro sehat sukses gemoy selalu min dukung dukung pak ultah neh kasih ucap min,hbd bro healthy success gemoy always min support support pack birthday neh thank you say min
217,nilai prabowo milik karakteristik kuat pimpin ahy beliau pantang serah evg pdemokrat agusyudhoyono demokrat bareng ahy,the value of prabowo belongs to the strong characteristics of pimpin ahy he abstains from handing over evg pdemocrat agusyudhoyono democrat with ahy
218,prabowo sindir anies baswedan apbd paling besar kok mas anies gagal pimpin jakarta gaco anies gempa daesang pagi batter up 100m views pilih baik,prabowo sarcasm baswedan apbd biggest kok mas fail pimpin jakarta gaco earthquake daesang morning batter up 100m views choose good
219,penting ar negeri sering pakai guna banget masdar anies prabowo bts is coming gaco seventeen gempa adidas,important ar Negeri often use very useful masdar prabowo bts is coming gaco seventeen earthquake adidas
220,prabowo cukup diam perlu debat tidak perlu kelilingkeliling kampanye cukup duduk sekalisekali jogetjoget pasti menang ada tuh sekarang keliling jawa tengah buat bagibagi blt bansos,"prabowo is quiet enough to need a debate, no need to surround the campaign, just sit down once in a while, jogetjoget is sure to win, there is now around central Java for sharing blt bansos"
221,paslon 02 prabowo gibran target 287 pilih bimbang pilpres 2024 dekade08,paslon 02 prabowo gibran target 287 select worry presidential election 2024 decade08
222,baru jadi ordal prabowo langsung gila,just so ordal prabowo immediately crazy
223,bung sangat jenius bikin tebak dukung prabowo,man very genius make guess support prabowo
224,ahy ngaku tak masalah siapa cawapres prabowo fokus menang nyg agusyudhoyono pdemokrat demokrat bareng ahy,ahy admitted it didn't matter who was vice president prabowo focused on winning nyg agusyudhoyono pdemocrat democrat with ahy
225,betul mbak monica itu memang janji pilpres 2019 pak prabowo mau salip gubernur jokowi pas jabat pilpres 2014 udah usang tuch janji,"correct, ma'am, monica, it is indeed a promise of the 2019 presidential election, sir, prabowo wants to overtake the governor of jokowi after the 2014 presidential election was obsolete, tuch promise"
226,nasionalisme teguh prabowo subianto lawan inferiority complex,nationalism firm prabowo subianto versus inferiority complex
227,titip agenda prabowo ahy esensi ubah baik kita juang rga pdemokrat agusyudhoyono demokrat bareng ahy,titip agenda prabowo ahy essence of change well we fight rga pdemocrat agusyudhoyono democrat with ahy
228,menang anies gub dki klaim penuh prabowo gerindra baik dukung modal logistik sungguh sombong hilang jasa2 partai2 relawan2 rakyat dki pilgub dki lebih jasa,win gub dki claim full prabowo gerindra well support capital logistics really arrogant lost the services of the people's volunteers dki pilgub dki more services
229,lamalama bosen lihat prabowo viralnya kok cuma joged gemoynya doang sama kontroversi mk punya lain apa,lamalama bosen see prabowo viral kok hanya joged gemoynya doang sama controversi mk punya lain apa
230,ahy tegas demokrat siap kampanye bareng prabowo gibran yvx agusyudhoyono pdemokrat demokrat bareng ahy,ahy firmly democrat ready to campaign with prabowo gibran yvx agusyudhoyono pdemocrat democrat with ahy
231,padahal nyindir tuuu tanya pak gamjaryg laba jokowilgsg turun tangandi jateng,even though nyindir tuuu asked Mr. gamjaryg jokowilgsg profit down tangandi jateng
232,ahy minta kader panas mesin partai menang prabowo pilpres 2024 jla agusyudhoyono pdemokrat demokrat bareng ahy,ahy ask cadre hot party machine win prabowo presidential election 2024 jla agusyudhoyono pdemocrat democrat with ahy
233,gera reforma agraria mesti rasa rakjat gosip ada bagi izin lahan tambang sudah cabut banyak 2600 izin bagi adil merakjat moga pak nanti membagikanya adil merakjat pateeen merdeka,gera agrarian reform must feel rakjat gossip exists for mining land permits have withdrawn many 2600 permits for fair merakjat may sir later distribute it just merakjat pateeen merdeka
234,pesan prabowo buat tarunataruni akmil jangan lupa ajar prestasi senior dekade08,prabowo message for tarunataruni akmil don't forget to teach senior achievements of the decade08
235,sby instruksi kader demokrat menang prabowo gibran tfc agusyudhoyono pdemokrat demokrat bareng ahy,sby instruction cadre democrat win prabowo gibran tfc agusyudhoyono pdemocrat democrat with ahy
236,komitmen dukung prabowo ahy pasti hadir temu tum kim nun agusyudhoyono pdemokrat demokrat bareng ahy,commitment to support prabowo ahy will definitely attend the meeting tum kim nun agusyudhoyono pdemocrat democrat with ahy
237,respect sm kerja mas gibran selalu maksimal,respect sm work mas gibran always maximum
238,nggedabrus mimpi buruk iya contoh solo orang kader lebih senior disleding jago walkot baru 3 hari jadi kader sekarang tagih mau nyawapres,nggedabrus nightmare yes solo example cadres are more senior disleding jago walkot only 3 days so cadres now bill for their lives
239,elektabilitas kian tingkat ahy optimis prabowo gibran menang pilpres 2024 wv agusyudhoyono pdemokrat demokrat bareng ahy,electability is getting higher ahy optimistic prabowo gibran won the 2024 presidential election wv agusyudhoyono pdemocrat democrat with ahy
240,beda survey litbang kompas ganjar 38 prabowo 30 anies 25,different R & D survey odd compass 38 prabowo 30 25
241,ahy prabowo gibran menang demokrat masuk ke perintah ayd pdemokrat agusyudhoyono demokrat bareng ahy,ahy prabowo gibran win democrat into order ayd pdemocrat agusyudhoyono democrat with ahy
242,sby pak prabowo tak sendiri demokrat terus sama lwn agusyudhoyono pdemokrat demokrat bareng ahy,sby pak prabowo is not himself a democrat and continues to be the same v. agusyudhoyono pdemocrat democrat with ahy
243,kalo prabowo gagal lg ahy tarik jadi menteri arb sampeyan tetep nyaleg ga,if prabowo fails lg ahy withdraw so minister arb sampeyan tetep nyaleg ga
244,lho med kok diem bae gimana lanjut edit apa bukan video klo masalah selesai bukan tinggal begini aja med lemed tanggung jawab,lho med how come diem bae how to continue editing what is not a video if the masalah is solved instead of staying like this med lemed responsibility
245,citra gemoy prabowo lama rupa bagi ilusi realitas buat,the image of gemoy prabowo lama for the illusion of reality for
246,sama pak mas silaturahmi kyai ulama amp santri ponpes miftahul huda tasikmalaya hfn agusyudhoyono pdemokrat demokrat bareng ahy,with Mr. Kyai ulama & santri ponpes miftahul huda tasikmalaya hfn agusyudhoyono pdemocrat democrat with ahy
247,hasil survei prabowo gibran moncer ahy yakin menang putar pertama hva pdemokrat agusyudhoyono demokrat bareng ahy,the results of the survey prabowo gibran moncer ahy sure win the first round hva pdemocrat agusyudhoyono democrat with ahy
248,prabowo orang patriot siap mati negara,prabowo patriots ready to die country
249,pesan pak prabowo harus terus laku,pak Prabowo's message must continue to sell
250,ahy prabowo pimpin perhati rakyat kecil zxy pdemokrat agusyudhoyono demokrat bareng ahy,ahy prabowo pimpin pay attention to the small people zxy pdemocrat agusyudhoyono democrat with ahy
251,ahy prabowo pimpin satu bangsa sp pdemokrat agusyudhoyono demokrat bareng ahy,ahy prabowo led a nation sp pdemocrat agusyudhoyono democrat with ahy
252,cerdas pak anies bisa buat melel lidah nya prabowo,smart sir can make his tongue melt prabowo
253,elektabilitas tembus 45 persen ahy prabowo menang satu putar ze agusyudhoyono pdemokrat demokrat bareng ahy,electability penetrate 45 percent ahy prabowo win one swivel ze agusyudhoyono pdemocrat democrat with ahy
254,kalo g jadi kuasa susah bisnis g bebas nah kalo gin kan bisnis mulia sekali pa prabowo,if g becomes a difficult power of business g is free well if gin is a very noble business pa prabowo
255,otak ngaur brotdk bukti memberatkanpenyidik kpk bicaraseharusnya prabowo diadilin culi hilang aktivis 13 orang sekarang kembalimana paling berat,brain ngaur brotdk incriminating evidence kpk bicarasehancang prabowo diadilin culi lost activist 13 people now return the heaviest
256,dukung pilih beda 2019 anak 11 thn dukung prabowo yang 6 thn dukung jokowi tp jelas mrk bukan pilih krn blm cukup umur jadi saja harun emang dukung prabowo itu,support choose different 2019 children 11 years old support prabowo 6 years old support jokowi but obviously they are not choose because they are old enough so only harun eang support prabowo
257,gelar anies seabrekabrek bahkan kuliah ny sampe luar negri bahkan pernah jadi rektor universitas paramdina rontok tangan dukung prabowo gk pernah sekolah sama sekali,title seabrekabrek even lecture ny to foreign countries even been rector of paramdina university fell out of hand support prabowo gk never went to school at all
258,prabowo sindir anies baswedan apbd paling besar kok mas anies gagal pimpin jakarta gaco anies gempa daesang pagi batter up 100m views pilih baik,prabowo sarcasm baswedan apbd biggest kok mas fail pimpin jakarta gaco earthquake daesang morning batter up 100m views choose good
259,elektabilitas prabowo gibran selalu unggul ahy jangan kita rasa menang sxh pdemokrat agusyudhoyono demokrat bareng ahy,electability prabowo gibran always superior ahy don't we think win sxh pdemocrat agusyudhoyono democrat with ahy
260,nama prabowo subianto usia 72 tahun jabat tri tahan republik indonesia laku anak tk 4 tahun awokwokwok gambar ambil debat resmi kpu,name prabowo subianto age 72 shake tri Tahan republic of indonesia child behavior tk 4 years old awokwokwok picture take official debate kpu
261,tempat beli cromboloni viral gresik alamat harga varian lengkap anies prabowo bts is coming gaco seventeen gempa adidas,where to buy cromboloni viral gresik address price full variant prabowo bts is coming gaco seventeen earthquake adidas
262,billy mambrasar puji sikap prabowo soal isu ham papua keren dekade08,billy mambrasar praises prabowo's attitude on the cool Papua human rights issue of the decade08
263,arti jokowi sdg manipulasi prabowo benteng dr pihak2 ingin uak manipulasi,meaning jokowi sdg manipulation prabowo fort dr party2 want uak manipulation
264,maklum bab ibadah au dah om puyeng,note the chapter of worship au dah om puyeng
265,dlu gin dah akun,dlu gin dah account
266,ketawa mbak lucu mbak pak prabowo tp tdk cari pimpin lucu krn punya empati terus gadai nasib bangsa ke orang tdk tepat empati jgn tukar nasib bangsa,laugh mbak funny mbak pak prabowo tp tdk cari pimpin funny because have empathy continue to pledge the fate of the nation to people not appropriate empathy do not change the fate of the nation
267,janji sdh tdk tunai tdk nyapres lama masa jabat gub dki kalau sdh selesai selesai janji mission accomplished smp kpn pak anies nyapres kl tiap priode kalah terus amp nyapres terus etika koyol tau,promise sdh no cash not hispres long term of office gub dki if sdh finished the promise mission accomplished smp kpn pak nyapres kl every priode lose continue amp nyapres continue koyol etiquette tau
268,aku yakin banget deh sama pak prabowo,i'm sure it's the same Mr. Prabowo
269,event hari asik banget prabowo sby djoko suyanto sama sutanto alumni akabri 19701973 dekade08,very cool day event prabowo sby djoko suyanto sama sutanto alumni akabri 19701973 decade08
270,elu kan bukan dukung pak jokowi tp benci pak prabowo jadi buzzer dukung pak jokowi beda dukung pak jokowi mmg suka sama pak jokowi,elu is not supporting Pak Jokowi but hates Pak Prabowo so the buzzer supports Pak Jokowi is different from supporting Pak Jokowi MMG like Pak Jokowi
271,makane scr politis pks susah sanding dgn gerindra udh berapa kali dihianatin gerindra ehh malah sekarang gerindra caper kanan kiri rasa dihianati wkwkw ane sbg simpatisan pks dr tahun 1999 akan pernah pilih prabowo,eating political scr pks difficult sanding with gerindra udh how many times dihianatin gerindra ehh even now gerindra caper right left sense of betrayal wkwkw ane as a sympathizer of pks dr in 1999 will never choose prabowo
272,prabowo dulu bukan prabowo sekarang peristiwa 2019 ia lupa saja jabat menhan kini telah dapat sosok ganti prabowo lebih cerdas pihak rakyat,prabowo used to be not prabowo now the events of 2019 he forgot just the post of minister of defense has now been able to change the figure of prabowo smarter for the people
273,yang mau ban,who want tires
274,prabowo sindir anies baswedan apbd paling besar kok mas anies gagal pimpin jakarta gaco anies gempa daesang pagi batter up 100m views pilih baik,prabowo sarcasm baswedan apbd biggest kok mas fail pimpin jakarta gaco earthquake daesang morning batter up 100m views choose good
275,ahy tegas demokrat siap kampanye bareng prabowo gibran yvx agusyudhoyono pdemokrat demokrat bareng ahy,ahy firmly democrat ready to campaign with prabowo gibran yvx agusyudhoyono pdemocrat democrat with ahy
276,bahasa template gibran prabowo tidak argumentasi pakai oleh buzzer nya,gibran prabowo template language is not an argument used by the buzzer
277,cuman photo soeharto prabowo photo gibran nya knp tdk ada ya,just photo soeharto prabowo photo gibrannya knp no ya
278,prabowo pesan tarunataruni akmil prestasi senior bahan bakar semangat kalian dekade08,prabowo order tarunataruni akmil senior achievement fuel your spirit decade08
279,kemaren gua gimick milih prabowo gua silent treatment rumah gimana kalo gua muji anies kayak deportasi rumah,yesterday the gimick cave chose prabowo silent cave treatment what if the muji cave is like a house deportation
280,megawati muda prabowo subianto muda,megawati muda prabowo subianto muda
281,tegak tegak ham mulu lah gimana pak prabowo aja langgar ham berat sampe tolak negara negara asing tolak lupa,upright upright ham mulu is how Mr. Prabowo just violates heavy ham until he refuses foreign countries to forget
282,sby instruksi kader demokrat menang prabowo gibran tfc agusyudhoyono pdemokrat demokrat bareng ahy,sby instruction cadre democrat win prabowo gibran tfc agusyudhoyono pdemocrat democrat with ahy
283,klo tdk awal dr proses penuh tanda tanya bs jadi peluang ada tp sayang sungguh sayang kurang sabar,if it's not the beginning of the process full of question marks bs so there's a chance but it's really a pity it's less patient
284,parah ni prabowo,this is bad prabowo
285,warga sangat banyak harap bantu perintah dapat hidup lebih baik makanya mas gibran ada waktu santa,citizens very much please help the command to live better so that mas gibran have time santa
286,event hari seru abis prabowo sby djoko suyanto sama sutanto alumni akabri 19701973 dekade08,exciting day event abis prabowo sby djoko suyanto sama sutanto alumni akabri 19701973 decade08
287,telo mid telo,telo mid telo
288,elektabilitas kian tingkat ahy optimis prabowo gibran menang pilpres 2024 aiq pdemokrat agusyudhoyono demokrat bareng ahy,electability is getting higher ahy optimistic prabowo gibran won the 2024 presidential election aiq pdemocrat agusyudhoyono democrat with ahy
289,buni yani kata potong video pidato ahok tim cybernya prabowo jadi ketimbang anies tak punya masa lebih bertanggungjawab prabowo yang gera kelompok brutal 212,buni yani said cut the video of ahok's speech the cyber team was prabowo so instead of did not have time to be more responsible prabowo who gera brutal group 212
290,pak prabowo emg paling tulus sih jadi makn yakin yakin prabowo gibran,sir prabowo emg is the most sincere so you are sure you are sure prabowo gibran
291,nusron wahid sesal nyata anies soal prabowo tak tahan oposisi kerdil rekonsiliasi dekade08,nusron wahid regretted real about prabowo could not stand the dwarf opposition reconciliation decade08
292,prabowo banyak dalam rumah makanya tau masalah tolak lupa,prabowo a lot in the house so you know the masalah of refusing to forget
293,terus nyeang dgn isue ham memang kalo jadi president mau diapain prabowo mau buat apa president silih ganti prabowo ada g diapa2in lebaaay,then nyeang with isue ham indeed if you become the president you want to be called prabowo what do you want the president to do to change prabowo there is g diapa2in lebaaay
294,sama prabowo gibran indonesia lebih maju 17program prioritaspragibs,same prabowo gibran indonesia more advanced 17program PRIORITASpragibs
295,prabowo sindir anies baswedan apbd paling besar kok mas anies gagal pimpin jakarta gaco anies gempa daesang pagi batter up 100m views pilih baik,prabowo sarcasm baswedan apbd biggest kok mas fail pimpin jakarta gaco earthquake daesang morning batter up 100m views choose good
296,prabowo nih nampak banyak emosi masa debat and tryin to be personal kata rakyat hukum kalau salah tadbir lah apa lah tak jawab pon apa calon tanya,"prabowo, you can see a lot of emotion during the debate and tryin to be personal, said the legal people, if it is wrong to administer, what is it not to answer what the candidate asks"
297,wkwk aku ancem keluarga aku kalo milih prabowo,wkwk I ancem my family if you choose prabowo
298,ahy prabowo pimpin perhati rakyat kecil zxy pdemokrat agusyudhoyono demokrat bareng ahy,ahy prabowo pimpin pay attention to the small people zxy pdemocrat agusyudhoyono democrat with ahy
299,14 feb nari kita bukti milu sejuk damai sama awal menang prabowo gibran,14 feb nari kami evidence milu cool peace same awal win prabowo gibran
300,adik prabowo sebut korupsi kemenhan sangat gila,prabowo's sister called the corruption of the defense ministry very crazy
301,cakap kelola negara atas masalah negara penting lho are you sure prabowo gibran bisa jangan cuma joget gemoy aja rakyat indo bukan rakyat tiktok 3 paslon memang plus minus nama juga politis,"capable of managing the country on important national issues, you know, are you sure prabowo gibran can not just joget gemoy, the people of indo are not the people of tiktok 3 paslon is a plus minus the name is also political"
302,sama pak mas silaturahmi kyai ulama amp santri ponpes miftahul huda tasikmalaya hfn agusyudhoyono pdemokrat demokrat bareng ahy,with Mr. Kyai ulama & santri ponpes miftahul huda tasikmalaya hfn agusyudhoyono pdemocrat democrat with ahy
303,sdhlah sdh lalu bukti makan ego sendiri pak prabowo jg ndk masalah ko sekarang jalan kontestasi nya dgn baik,sdhlah sdh then evidence of eating his own ego sir prabowo jg ndk ko masalah now the way of his contestation well
304,elektabilitas prabowo gibran selalu unggul ahy jangan kita rasa menang sxh pdemokrat agusyudhoyono demokrat bareng ahy,electability prabowo gibran always superior ahy don't we think win sxh pdemocrat agusyudhoyono democrat with ahy
305,jir striker prabowo,jir striker prabowo
306,2019 emank milu paling ngeri2 sedapcebong kampret tebar dimana2 hasil milu jg tolak demo besar2an nah aku rasa pak jokowi tuh ngajak prabowo lebih calm n down tetep jalin satu satu mau akhir cebong kampret hasil,2019 emank milu most horrified 2 sedapcebong kampret tebar where 2 results milu jg reject demo besar2an nah I think pak jokowi tuh ngajak prabowo more calm n down tetep intertwine one want final cebong kampret result
